id,winner_model_a,winner_model_b,winner_tie
136060,0.1658301573024566,0.37759468476400654,0.4565751579335368
211333,0.44228627604678955,0.27391123424699815,0.28380248970621225
1233961,0.39859036692356453,0.4285643524939005,0.17284528058253495
